company,website,email,phone,founder,industry,location,linkedin,source
Flobotics,https://flobotics.io,info@flobotics.io,+1-910-518-0124,Karl Mielnicki (CTO),RPA Agency,"Indiana, US",,webfetch
Markovate,https://markovate.com,info@markovate.com,(415) 980-3786,,AI Consulting,"San Francisco, CA",,uforocks_blog+webfetch
Xcelacore,https://xcelacore.com,contactus@xcelacore.com,(888) 773-2081,,AI Consulting,"Oak Brook, IL 60523",,webfetch
Authority AI,https://authorityai.ai,info@authorityai.ai,+1-954-716-8740,,AI Solutions Small Business,"Fort Lauderdale, FL 33301",,webfetch
Prismetric,https://prismetric.com,sales@prismetric.com,+1 323 825 3076,,AI Automation Agency,"Jersey City, NJ 07306",,webfetch
SmartSites,https://smartsites.com,contact@smartsites.com,201-870-6000,,AI Marketing Automation,"Paramus, NJ 07652",,webfetch
JRD Systems,http://www.jrdsi.com,info@10kislands.com,1259344,,information technology & services,"Clinton Township, Michigan",http://www.linkedin.com/company/jrd-systems,cheerio
"ExcelGens, Inc.",http://www.excelgens.com,info@excelgens.com,7530511,,information technology & services,"Denville, New Jersey",https://www.linkedin.com/company/excelgens-inc/mycompany/verification/,cheerio
QuantumBricks,http://www.quantumbricks.io,enquiry@ustransport.com.au,677 0999,,information technology & services,"Newark, Delaware",http://www.linkedin.com/company/quantumbricks-inc,cheerio
Idealink Tech,https://idealink.tech,info@idealink.tech,,Rokas Jurkėnas,AI Automation Agency,"London, UK",,webfetch
AI REV Research,https://airev.us,contact@airev.us,,Mark Bardonski (CEO),AI Consulting,"New York, NY 10017",https://www.linkedin.com/company/ai-rev,webfetch+websearch
AI Automation Agency,https://aiautomation.agency,hello@aiautomation.agency,,,AI Automation,,https://www.linkedin.com/company/aiautomationagency/,webfetch
Compri Consulting,http://www.compri.com,marketing@mwtapp.com,,,information technology & services,"Denver, Colorado",http://www.linkedin.com/company/compri-consulting,cheerio
12AM Agency,https://12amagency.com,,(855) 603-5723,Robert Portillo,AI Automation Agency,"Dallas, TX",,uforocks_blog
Bitcot,https://bitcot.com,,(858) 683-3692,Raj Sanghvi,Chatbot Development,"San Diego, CA",,uforocks_blog+websearch
The AI Automation Agency,https://theaiautomationagency.ai,,0333 051 0634,Myles Robinson,AI Automation,UK,,webfetch
Automation Anywhere,https://automationanywhere.com,,(888) 484-3535,Mihir Shukla (CEO),RPA,"San Jose, CA",,websearch+google_maps
UFO Performance Marketing,https://uforocks.com,,(513) 549-7355,,AI Automation Agency,"Cincinnati, OH",,uforocks_blog+google_maps
GenAI-Labs,https://genai-labs.io,,(323) 522-4040,,AI Automation,"Los Angeles, CA",,uforocks_blog
Itransition,https://itransition.com,,(512) 501-3620,,AI Automation,"Lakewood, CO",,uforocks_blog
InnovvaTek,https://innovvatek.com,,(888) 400-5050,,AI-Driven GTM & Automation,"Albuquerque, NM",https://www.linkedin.com/company/innovvatek,uforocks_blog+webfetch
AppMakers USA,https://appmakersla.com,,(310) 388-6435,,AI Automation,"Los Angeles, CA",,uforocks_blog+google_maps
Glorium Technologies,https://gloriumtech.com,,(888) 354-0883,,AI Automation,"Princeton, NJ",,uforocks_blog
AddWeb Solution,https://addwebsolution.com,,(864) 900-3966,,AI Automation,"Greenville, SC",,uforocks_blog
Geomotiv,https://geomotiv.com,,(571) 559-7486,,AI Automation,"Alexandria, VA",,uforocks_blog
Empat,https://empat.tech,,(415) 712-3342,,AI Automation,"San Francisco, CA",,uforocks_blog
Unico Connect,https://unicoconnect.com,,(747) 296-1276,,AI Automation,"Chicago, IL",,uforocks_blog
Scopic,https://scopicsoftware.com,,(508) 886-3240,,AI Automation,"Marlborough, MA",,uforocks_blog
WEBITMD,https://webitmd.com,,(310) 405-0502,,AI Automation,"Los Angeles, CA",,uforocks_blog
Axe Automation,https://axeautomation.co,,(707) 479-7131,,AI Automation Agency,"Marina del Rey, CA",https://www.linkedin.com/company/axeautomation/,uforocks_blog+webfetch+websearch
HatchWorks AI,https://hatchworks.com,,(800) 621-7063,,AI Automation,"Atlanta, GA",,uforocks_blog
LeewayHertz,https://leewayhertz.com,,(415) 301-2880,,AI Automation,"San Francisco, CA",,uforocks_blog
Aisera,https://aisera.com,,(650) 667-4308,,AI Automation,"Santa Clara, CA",,uforocks_blog
Cognizant,https://cognizant.com,,(888) 937-3277,,AI Automation,"Teaneck, NJ",,uforocks_blog
BotsCrew,https://botscrew.com,,+1(415) 941-0077,,Chatbot Development,"San Francisco, CA 94104",,webfetch
SIERA.AI,https://siera.ai/,,(512) 817-0702,,Automation company,"Austin, TX 78754",,google_maps+google_maps
AI Genius Automations,https://www.aigeniusconsulting.com/,,(208) 278-6469,,Software company,USA,,google_maps
SPG America,https://www.spgamerica.com/,,(732) 343-7688,,AI & ML Services,"Piscataway, NJ 08854",,google_maps
Richtech Robotics,https://www.richtechrobotics.com/,,(866) 236-3835,,Automation company,"Las Vegas, NV 89115",,google_maps
AIO App Inc,https://www.aioapp.com/,,(408) 477-4632,,Software company,"San Jose, CA 95120",,google_maps
Session AI,https://www.sessionai.com/,,(408) 502-7077,,AI Software,"San Jose, CA 95110",,google_maps
AY Consulting Inc,https://www.ayconsulting.net/,,(415) 702-0216,,AI Consulting,"San Francisco, CA",,google_maps
Compliance.ai,https://www.compliance.ai/,,(415) 735-4955,,AI Software,"San Francisco, CA 94104",,google_maps
Comp AI,https://trycomp.ai/,,(201) 687-9545,,Computer security service,"San Francisco, California",,google_maps
AI bees,https://www.ai-bees.io/,,(415) 801-6494,,Association / Organization,"San Francisco, California",,google_maps
AI Agency -TopG Solutions,https://topgsolutions.com/,,(646) 807-9083,,Consultant,"New York, New York",,google_maps
Adaptive Intelligence International,https://adaptiveintelligence.online/,,(800) 985-7395,,Marketing agency,"New York, New York",,google_maps
Scalex - AI Automation Agency,https://www.scalex.agency/,,(229) 789-3583,,Software company,"Queens, New York",,google_maps
Flow Digital,https://flow.digital/,,(347) 697-4846,,Automation company,"Brooklyn, New York",,google_maps
Seek AI,http://seek.ai/,,(650) 268-4404,,Office space rental agency,"New York, New York",,google_maps
brayv.ai,https://brayv.ai/,,(929) 205-7436,,Software company,"New York, New York",,google_maps
White Label AI Agency - Rocket Driver,https://www.rocketdriver.com/,,(212) 548-4433,,Marketing agency,"New York, New York",,google_maps
New York AI Agency,https://www.aiagencyny.com/,,(646) 762-1388,,Marketing agency,,,google_maps
Cobalt AI,https://www.cobaltai.com/,,(650) 781-3623,,Business to business service,"San Francisco, California",,google_maps
Personal AI,https://personal.ai/,,(415) 580-0085,,Software company,"San Francisco, California",,google_maps
test.ai,http://www.test.ai/,,(415) 842-4992,,Software company,"San Francisco, California",,google_maps
Ai Automation Agency 360,https://aiautomationagency360.com/,,(415) 888-9185,,Software company,,,google_maps
AMDAi Solutions,https://amdaisolutions.com/,,(415) 449-4958,,Information services,"San Francisco, California",,google_maps
SF AI Labs,https://sfailabs.com/,,(415) 340-0955,,Software company,"San Francisco, California",,google_maps
Overview,,,(415) 795-9020,,Software company,"San Francisco, California",,google_maps
"Mya Systems, Inc.",https://mya.com/,,(877) 679-0952,,Corporate office,"San Francisco, CA",,google_maps
Obviously AI,https://www.obviously.ai/,,(413) 461-0309,,Software company,"San Francisco, California",,google_maps
Hayden AI Technologies,http://www.hayden.ai/,,(510) 508-9953,,Software company,"San Francisco, California",,google_maps
Spiral Scout – AI Implementation & Workflow Automation,https://spiralscout.com/?utm=gmb,,(415) 903-0235,,Software company,"San Francisco, California",,google_maps
Automat | AI Operations Automations,http://runautomat.com/,,(650) 549-5779,,Automation company,"San Francisco, California",,google_maps
WE THINK AI - AI led Product and Platform Engineering Company,https://www.wethinkapp.com/,,(408) 693-2166,,Software company,"San Francisco, California",,google_maps
Apple Lincoln Park,https://www.apple.com/retail/lincolnpark?cid=aos-us-seo-maps,,(312) 777-4200,,Electronics store,"Chicago, Illinois",,google_maps
AI Automation Agency,https://croth982.github.io/ai-automation-agency/,,(773) 420-6354,,Automation company,,,google_maps
SMS-iT,https://smsit.ai/,,(650) 333-8337,,Software company,"San Francisco, California",,google_maps
AI Battle and Associates Consulting,,,(310) 893-5737,,,"Seattle, Washington",,google_maps
CyCobra AI,https://cycobra.com/,,(773) 234-5301,,Automation company,,,google_maps
AI Data Innovations - Clover Building,http://www.aidatainnovations.com/,,(425) 326-1090,,Information services,"Bellevue, Washington",,google_maps
KPMG Plaza,http://kpmg.com/,,(214) 840-2000,,Accountant,"Dallas, Texas",,google_maps
Gryphon AI,https://gryphon.ai/?utm_campaign=gmb,,(855) 580-2875,,Software company,"Boston, Massachusetts",,google_maps
Gradient AI Corp,https://www.gradientai.com/,,(888) 958-5846,,Software company,"Boston, Massachusetts",,google_maps
"AI Engineers, Inc (MA Branch Office)",http://www.aiengineers.com/,,(617) 451-2828,,Engineering consultant,"Boston, Massachusetts",,google_maps
SEI-Boston,https://www.sei.com/,,(617) 938-3866,,Consultant,"Boston, Massachusetts",,google_maps
SmallBox,http://www.smallbox.com/,,(317) 254-0932,,Design agency,"Indianapolis, Indiana",,google_maps
West Monroe,https://www.westmonroe.com/offices/chicago,,(312) 602-4000,,Business management consultant,"Chicago, Illinois",,google_maps
Northern Light,http://www.northernlight.com/,,(617) 674-2074,,Business management consultant,"Boston, Massachusetts",,google_maps
Slalom Consulting,https://www.slalom.com/,,(312) 329-0401,,Business management consultant,"Chicago, Illinois",,google_maps+google_maps
Business AI Consulting LLC,https://businessaiconsulting.com/,,(248) 579-3554,,Business management consultant,,,google_maps
Omadli Group,https://omadligroup.com/,,(617) 762-5230,,Business management consultant,"Boston, Massachusetts",,google_maps
Responsive Advisors,https://responsiveadvisors.com/,,(877) 594-6365,,Business management consultant,"Chicago, Illinois",,google_maps
Northwest AI Consulting,https://nwai.co/,,(503) 298-4673,,Consultant,,,google_maps
San Francisco Business Times,https://www.bizjournals.com/sanfrancisco/,,(415) 989-2522,,Newspaper publisher,"San Francisco, California",,google_maps
Intelligent Automation Consulting LLC,http://www.iaconsults.com/,,(206) 919-5853,,Consultant,"Seattle, Washington",,google_maps
Mobcoder | Top AI Development Company in Seattle,https://mobcoder.com/,,(206) 295-9310,,Software company,"Seattle, Washington",,google_maps
"Blink UX - AI Strategy, UX Research, Product Design",https://blinkux.com/,,(206) 447-9551,,Design agency,"Seattle, Washington",,google_maps
"MindSource, Inc.",http://www.mindsource.com/,,(650) 314-6400,,Software company,"Mountain View, California",,google_maps
"CodeAutomation.AI LLC | Custom Software, Mobile App and Web Development Company in Chicago, USA",https://codeautomation.ai/,,(815) 614-8480,,Software company,"Naperville, Illinois",,google_maps
Alliance Virtual Offices,https://www.alliancevirtualoffices.com/,,(702) 302-4406,,Virtual office rental,"Henderson, Nevada",,google_maps
Silicon Spectra,https://siliconspectra.com/,,(800) 511-1815,,Software company,"Santa Clara, California",,google_maps
"The R Hub, LLC",https://www.therhub.com/,,(331) 246-6307,,Automation company,,,google_maps
Chicago AI,https://chicagoai.io/,,(773) 399-9537,,Software company,,,google_maps
AIM Tech AI,https://www.aimtechai.com/,,(310) 421-8638,,Software company,"Beverly Hills, California",,google_maps
Why of AI,https://www.whyofai.com/,,(312) 767-1774,,Business management consultant,,,google_maps
Ashling,http://www.ashling.ai/,,(708) 722-2201,,Information services,"Chicago, Illinois",,google_maps
IV.AI,https://iv.ai/,,(323) 285-1618,,Software company,"Los Angeles, California",,google_maps
AI / Data Science Academy,,,(408) 838-0416,,Education center,,,google_maps
PwC San José,,,(408) 817-3700,,Accounting firm,"488 South Almaden Boulevard #1800, San Jose, CA 95110-2768",,google_maps
FP&A Consulting Solutions,,,(415) 500-1665,,Consultant,,,google_maps
MediaJoy AI Automation,https://mediajoyai.com/,,(312) 970-9575,,Automation company,"Chicago, Illinois",,google_maps
drp services and consulting llc,,,(510) 485-4806,,Consultant,,,google_maps
A.I. Smith Consulting,https://aismithconsulting.com/,,(847) 421-7617,,Business to business service,,,google_maps
a37,https://a37.ai/,,(703) 956-5193,,Software company,"San Francisco, California",,google_maps
Rapp It Up Solutions,http://www.rappitupsolutions.com/,,(415) 409-0810,,Accounting firm,"San Francisco, California",,google_maps
RMA Consulting,http://www.rmaconsultinggroup.com/,,(916) 425-7724,,Business management consultant,"Sacramento, California",,google_maps
Los Angeles AI Agency,https://www.aiagencyla.com/,,(213) 732-2779,,Marketing agency,,,google_maps
Rhp Consultants,,,(650) 697-1529,,Business management consultant,"Millbrae, California",,google_maps
Business RPA Consultants,,,(702) 767-0440,,Automation company,,,google_maps
RGP LLP,http://www.rgpllp.com/,,(925) 954-0100,,Certified public accountant,"Pleasant Hill, California",,google_maps
The RP Group,http://rpgroup.org/,,(510) 527-8500,,Educational consultant,"Sacramento, California",,google_maps
RGA Consulting Inc,,,(415) 951-8051,,Recruiter,"San Francisco, California",,google_maps
Wiss Janney Elstner Associates Inc,http://www.wje.com/,,(847) 272-7400,,Engineering consultant,"Northbrook, Illinois",,google_maps
Hacker Dojo,https://hackerdojo.org/,,(650) 429-8605,,Coworking space,"Mountain View, California",,google_maps
Rhea Consulting Corporation,,,(210) 570-8587,,Consultant,"San Francisco, California",,google_maps
ACL Digital,https://www.acldigital.com/,,(408) 755-3000,,Software company,"San Jose, California",,google_maps
Microsoft Reactor,,,(415) 430-2700,,Software company,"San Francisco, California",,google_maps
PA Consulting (formerly Cooper Perkins),http://cooperperkins.com/,,(415) 529-7680,,Engineering consultant,"San Francisco, California",,google_maps
ExperienceFlow Software Technologies,http://www.experienceflow.ai/,,(415) 644-8983,,Software company,"San Francisco, California",,google_maps
RPA Consulting Services,http://rpaconsultingservices.net/,,(214) 233-6117,,Business management consultant,"Arlington, Texas",,google_maps
Sixtyfour AI,https://www.sixtyfour.ai/,,(832) 444-1653,,Software company,"San Francisco, California",,google_maps
"RDA Consulting, SPC",http://www.rdaconsulting.com/,,(510) 488-4345,,Consultant,"Oakland, California",,google_maps
"Amick Brown, LLC",https://www.amickbrown.com/,,(925) 820-2000,,Computer service,"San Ramon, California",,google_maps
Rapid Robotics,https://rapidrobotics.com/,,(415) 650-5544,,Automation company,"San Francisco, California",,google_maps
RAS Business Services,http://www.rastax.com/,,(408) 251-0400,,Tax preparation service,"San Jose, California",,google_maps
Resources Global Professionals,http://www.rgp.com/,,(415) 369-8440,,Business management consultant,"San Francisco, California",,google_maps
Insync,https://www.insyncai.com/,,(408) 859-1614,,Software company,"San Jose, California",,google_maps
Neuralogics,https://neuralogics.com/,,(628) 288-9392,,Software company,"San Francisco, California",,google_maps
"Sansa Technology LLC — Leading Experts in AI, Machine Learning, and Data Science",https://www.sansatechnology.net/,,(510) 413-3270,,Computer training school,"Milpitas, California",,google_maps
RPS,https://www.rpsgroup.com/,,(510) 834-4747,,Consultant,"Mountain View, California",,google_maps
WildnetEdge | Software Development Company in USA,https://www.wildnetedge.com/,,(212) 901-8616,,Software company,"Lewes, Delaware",,google_maps
ChatLabs,https://www.chatlabs.com/,,(347) 518-1200,,Software company,"New York, New York",,google_maps
Standard Cognition,https://www.standard.ai/,,(415) 324-4156,,Software company,"San Francisco, California",,google_maps
Serokell,https://serokell.io/,,+372 699 1531,,Software company,Tallinn,,google_maps
Logic20/20 Consulting,http://www.logic2020.com/,,(206) 576-0400,,Business management consultant,"Seattle, Washington",,google_maps
IMS Health Sweden AB,https://www.iqvia.com/locations/nordics,,+46 8 508 842 00,,Consultant,Stockholm,,google_maps
Buzzcloud AB,http://www.buzzcloud.se/,,+46 8 23 45 00,,Computer consultant,Stockholm,,google_maps
AI Utbildningscentrum (AIUC),https://www.aiuc.se/,,+46 8 645 84 00,,Educational consultant,Stockholm,,google_maps
Ampliro,https://www.ampliro.com/,,+46 8 555 162 00,,Business management consultant,Stockholm,,google_maps
Knowit,https://www.knowit.eu/,,+46 8 700 66 00,,Consultant,Östersund,,google_maps
AFRY Experience Studios,https://afry.com/en/area/afry-experience-studios,,+46 76 136 37 54,,Consultant,Stockholm,,google_maps
Infotiv,http://www.infotiv.se/,,+46 31 339 39 00,,Engineering consultant,Gothenburg,,google_maps
Nordigate,https://nordigate.com/,,+46 70 754 42 82,,Software company,Linköping,,google_maps
Digisource Consulting Ab,http://www.digisourceconsulting.com/,,+46 8 420 026 27,,Computer support and services,Stockholm,,google_maps
Echo State AB,https://echostate.se/,,+46 8 520 275 27,,Consultant,Stockholm,,google_maps
Codon Consulting,http://www.codon.se/,,+46 70 939 56 52,,Computer consultant,Stockholm,,google_maps
AI experts,https://aiexperts.no/,,+47 95 24 86 79,,Software company,Arendal,,google_maps
Modulai AB - The Machine Learning Agency,http://www.modulai.io/,,+46 8 414 002 97,,Software company,Stockholm,,google_maps
Predli Consulting AB,https://www.predli.com/,,+46 70 308 50 86,,Business management consultant,Stockholm,,google_maps
Diabol AB,https://diabol.se/,,+46 8 403 055 00,,Consultant,Stockholm,,google_maps
"Instructional Technologies, Inc.",http://www.instructiontech.net/,,(360) 576-5976,,Software company,"Vancouver, Washington",,google_maps
Learning.com,http://www.learning.com/,,(800) 580-4640,,Software company,"Portland, Oregon",,google_maps
Collabera,https://www.collabera.com/,,(877) 264-6424,,Software company,"Seattle, Washington",,google_maps
Divers Institute of Technology,https://www.diversinstitute.edu/,,(206) 783-5542,,Technical school,"Seattle, Washington",,google_maps
MAQ Software,https://www.maqsoftware.com/,,(425) 526-5399,,Software company,"Redmond, Washington",,google_maps
Augmented AI Labs,https://www.augmentedailabs.com/,,(206) 771-9774,,Software company,"Seattle, Washington",,google_maps
"Janea Systems, Inc.",http://janeasystems.com/,,(800) 292-1450,,Software company,"Seattle, Washington",,google_maps
Seattle Makers,http://seattlemakers.org/,,(206) 659-1726,,Makerspace,"Seattle, Washington",,google_maps
Koidra,https://www.koidra.ai/,,(425) 276-8400,,Software company,"Seattle, Washington",,google_maps
Machinists Institute Tukwila,https://www.machinistsinstitute.org/,,(206) 331-4648,,Trade school,"Tukwila, Washington",,google_maps
Kanda Software,,,(617) 340-3850,,Software company,"33 Irving Place f3, New York, 10003",,google_maps
Power Applications and Research Systems Inc.,http://parsenergy.com/,,(415) 239-1510,,Power plant consultant,"San Francisco, California",,google_maps
ND Labs - Blockchain and AI Business Solutions,https://ndlabs.dev/,,+48 515 138 631,,Software company,"New York, New York",,google_maps
"PKR Consulting, Inc.",http://www.pkrconsulting.com/,,(415) 395-9395,,Business management consultant,"San Francisco, California",,google_maps
Machine Learning Recipes,https://www.machinelearningrecipes.com/,,(925) 759-7308,,Publisher,"Issaquah, Washington",,google_maps
ArduBlock,http://ardublock.ru/,,+7 951 061-25-77,,Software company,"Bellevue, Washington",,google_maps
iQlance Solutions - App Developers New York,https://www.iqlance.com/new-york-mobile-app-developers/,,(917) 477-8991,,Software company,"New York, New York",,google_maps
AI Software Development Company - AI Grey Matterz,,,(877) 920-1473,,Software company,"Edison, New Jersey",,google_maps
Bytes Technolab Inc - AI ML Development Company,https://www.bytestechnolab.com/?utm_source=googlemybusiness&utm_medium=gmb&utm_campaign=google_my_business_bergenfield_newJersey,,(408) 549-5015,,Software company,"Bergenfield, New Jersey",,google_maps
ZSI.AI,https://zsi.ai/,,(646) 586-3891,,Software company,"Jackson Heights, NY",,google_maps
Evince Development - AI & Software Development Company,https://evincedev.com/,,(315) 715-8494,,Software company,"New York, New York",,google_maps
AIS Technolabs- Software & App Development Company in New York | Web Design & Development,https://www.aistechnolabs.com/,,(917) 746-0700,,Software company,"New York, New York",,google_maps
App Development Companies,https://appdevelopmentcompanies.co/,,(646) 571-3497,,Software company,"New York, New York",,google_maps
Agicent App Company NYC,https://www.agicent.com/,,(646) 466-4369,,Software company,"New York, New York",,google_maps
ExaCare AI,https://www.exacare.com/,,(305) 363-3800,,Software company,"New York, New York",,google_maps
"Saigon Technology - AI-Driven Software Development Company in Virginia, USA",https://saigontechnology.com/us?utm_source=google_business&utm_medium=organic&utm_campaign=usa,,(202) 630-4276,,Software company,"Reston, Virginia",,google_maps
Trango Tech New York - Mobile App development Company,https://trangotech.com/mobile/app-development-new-york-city/?utm_source=GMB&utm_medium=GMB+NYC&utm_campaign=GMB+NYC,,(833) 442-2270,,Software company,"New York, New York",,google_maps
"Digiprima Technologies | AI Software Development Company in New York, USA",https://www.digiprima.com/contact,,(347) 973-9732,,Software company,"New York, New York",,google_maps
Reality AI,https://reality.ai/,,(347) 523-4480,,Software company,"New York, New York",,google_maps
Hyperlink Infosystem,https://www.hyperlinkinfosystem.com/,,(309) 791-4105,,Software company,"New York, New York",,google_maps
Wow AI LLC (Wow AI Limited Liability Company).,https://wow-ai.com/,,(320) 207-0610,,Software company,"Astoria, New York",,google_maps
ibl.ai,https://ibl.ai/,,(571) 293-0242,,Software company,"New York, New York",,google_maps
Rpa,https://www.richmondprogressivealliance.net/honoring_the_memory_of_bobby_bowens,,(510) 412-2260,,Association / Organization,"Richmond, California",,google_maps
Takeo.AI,https://www.takeo.ai/,,(929) 346-7045,,Software company,"New York, New York",,google_maps
Apptunix USA - AI Mobile App & Software Development Company in USA | Hire App & Software Developers in USA,https://www.apptunix.com/custom-software-development-company/?utm_source=Organicseo&utm_medium=mainGBPusa,,(512) 872-3364,,Software company,"New York, New York",,google_maps
Rivera Consulting Group Inc,,,(415) 975-5500,,Engineering consultant,"San Francisco, California",,google_maps
REANA Consulting Inc.,https://www.reanaconsulting.com/contact-us,,(510) 646-1080,,Business management consultant,"Alameda, California",,google_maps
RevAI - AI Development Company in New York,https://ai.tekrevol.com/,,(800) 362-9239,,Software company,"New York, New York",,google_maps
Pariveda,https://www.parivedasolutions.com/solutions,,(844) 325-2729,,Business management consultant,"San Francisco, California",,google_maps
RPS Environmental,,,(510) 834-4747,,Environmental consultant,"Oakland, California",,google_maps
Rpa Insurance Services LLC,,,(973) 884-4400,,Insurance agency,"Walnut Creek, California",,google_maps
R & A Engineering Solutions,http://ra-solutions.com/,,(916) 920-5965,,Mechanical engineer,"Sacramento, California",,google_maps
PCA Consulting Group,http://pcacg.com/,,(415) 771-8877,,Business management consultant,"San Francisco, California",,google_maps
VRP Consulting — Salesforce Consulting Partner,https://vrpconsulting.com/,,(415) 429-8565,,Software company,"San Francisco, California",,google_maps
Progressive Tech,http://www.progressivetech.com/,,(206) 525-8324,,Computer repair service,"Seattle, Washington",,google_maps
RPO GROUP: USA,,,(415) 398-4132,,Employment consultant,"San Francisco, CA",,google_maps
PA Consulting (formerly Astro Studios),http://www.astrostudios.com/,,(415) 487-6787,,Consultant,"San Francisco, California",,google_maps
Able Baker Automation,,,(925) 376-7122,,Business management consultant,"Moraga, California",,google_maps
iOPEX Technologies HQ,https://www.iopex.com/,,(408) 748-1788,,Automation company,"San Jose, California",,google_maps
ExcelRated Automation,http://excelrated.com/,,(650) 473-0122,,Automation company,"Fremont, California",,google_maps
Pravaah Consulting,http://www.pravaahconsulting.com/?utm_source=google&utm_medium=wix_google_business_profile&utm_campaign=12187281892671960981,,(925) 587-4249,,Software company,"Dublin, California",,google_maps
Full Spectrum Technology Group,https://www.fullspectrumtg.com/?utm_source=google&utm_medium=organic&utm_campaign=gbp-listing,,(925) 498-8921,,Home automation company,"Concord, California",,google_maps
Automated Solutions Inc,https://www.automatedsolutions.com/,,(707) 578-5882,,Software company,"Santa Rosa, California",,google_maps
Scale Modern Business Solutions LLC,https://scalembs.com/,,(925) 785-4476,,Automation company,"San Ramon, California",,google_maps
"Electroslag Welding Technology; Cortech Industries, LLC",http://www.cortechind.com/,,(818) 267-8324,,Automation company,"Fairfield, California",,google_maps
"Salient Process, Inc.",https://salientprocess.com/,,(855) 472-5436,,Business management consultant,"Carmichael, California",,google_maps
Automize,https://getautomized.com/?utm_source=google&utm_medium=organic&utm_campaign=gbp_main,,(866) 322-0222,,Automation company,,,google_maps
"Falco Automation, LLC",http://www.falcoautomation.com/,,(650) 449-9011,,Automation company,"San Carlos, California",,google_maps
Process Street,https://www.process.st/,,(215) 745-0949,,Software company,"San Francisco, CA",,google_maps
BatchTest,https://batchtest.com/,,(408) 454-8378,,Automation company,"Santa Clara, California",,google_maps
E Tech Group,http://www.etechgroup.com/,,(855) 202-1444,,Automation company,"Sacramento, California",,google_maps
Business Process Automation,https://www.bpaco.net/about,,(714) 328-3844,,Consultant,"Las Vegas, Nevada",,google_maps
Tech4U,https://www.tech4u.solutions/,,(707) 396-4048,,Home automation company,"Santa Rosa, California",,google_maps
ARM Automation,,,(512) 894-3534,,Manufacturer,"Austin, Texas",,google_maps
Automated Lifestyles of Texas,,,(800) 611-1975,,Home automation company,"Salado, Texas",,google_maps
Aio-Software,,,(512) 657-2253,,Software company,"Austin, Texas",,google_maps
Automated Concepts Inc.,http://www.totallyautomated.com/contact-us.html,,(512) 961-8313,,Software company,"Austin, Texas",,google_maps
"Austin AI, Inc.",http://www.austinai.com/,,(512) 837-9400,,Manufacturer,"Austin, Texas",,google_maps
Advanced Electronic Systems,http://www.aesht.com/,,(713) 589-6962,,Home automation company,"Houston, Texas",,google_maps
AI Agent LLC,https://theaidealer.com/,,(469) 874-0514,,Software company,"Plano, Texas",,google_maps
AV Automation,http://www.avautomation.com/,,(512) 795-4242,,Home theater store,"Lakeway, Texas",,google_maps
Bay Area Tech Solutions LLC,,,(612) 205-8358,,Software company,,,google_maps
Automation Experts LLC,http://www.automationexperts.biz/,,(737) 276-3262,,Software company,"Austin, Texas",,google_maps
"Fully Automated Custom Solutions, LLC",http://www.fullyautomated.us/,,(281) 410-5663,,Home automation company,,,google_maps
HubBase,http://www.hubbase.io/,,(415) 699-5858,,Website designer,,,google_maps
Applied Automation & Controls Inc,http://www.aaacinc.com/,,(281) 980-7184,,Engineering consultant,"Stafford, Texas",,google_maps
nurtureBEAST,https://www.nurturebeast.com/,,(832) 838-7580,,Software company,,,google_maps
AI Automations Canada,https://www.aiautomationagency.ca/,,+1 289-301-9052,,Software company,,,google_maps
CHAI,https://www.chai-research.com/,,(408) 320-7968,,Software company,"Palo Alto, California",,google_maps
Anablock,https://www.anablock.com/,,(415) 635-9877,,Software company,"San Francisco, California",,google_maps
Capital Numbers LLC,https://www.capitalnumbers.com/,,(510) 214-4031,,Software company,"San Francisco, California",,google_maps
SDLC Corp,https://www.sdlcorp.com/,,(415) 594-0097,,Software company,"San Francisco, California",,google_maps
Nova Era - Web Design & Digital Solutions Agency,https://novaeraagency.com/,,(224) 382-3415,,Software company,"San Francisco, California",,google_maps
Bay Area Chatbot Services,,,(510) 326-6735,,Internet marketing service,,,google_maps
Botsociety Inc.,https://botsociety.io/,,(415) 741-5080,,Software company,"San Francisco, California",,google_maps
Invisible Technologies,https://invisibletech.ai/,,(650) 332-2067,,Software company,"San Francisco, California",,google_maps
Accelerance,http://www.accelerance.com/,,(877) 992-2235,,Software company,"Redwood City, California",,google_maps
LITSLINK,https://litslink.com/,,(650) 865-1800,,Software company,"Palo Alto, California",,google_maps
Top Software Company in California USA | AI Agent | AI/ML | Gen AI | UX | Product Development,https://47billion.com/,,(669) 205-6902,,Software company,"Santa Clara, California",,google_maps
"Kodexo Labs San Francisco - AI, Custom Software and Mobile App Development Company San Francisco",https://kodexolabs.com/locations/mobile-app-development-san-francisco/,,(415) 498-1329,,Software company,"San Francisco, California",,google_maps
Autonomize Inc.,https://www.autonomize.ai/,,(501) 765-4761,,Software company,"Austin, Texas",,google_maps
DxMinds Technologies - Hire Software Developers | Mobile App Development Company in San Francisco,https://dxminds.com/,,(748) 354-6629,,Software company,"San Francisco, California",,google_maps
HIPAA Compliant Chatbot Apps,https://www.logica7.com/contact,,(650) 398-0131,,Software company,"Los Altos, California",,google_maps
AI Automation,,,(832) 363-8239,,Automation company,,,google_maps
Kommo,https://www.kommo.com/?utm_source=google&utm_campaign=gmb&utm_medium=organic&utm_content=main,,(830) 580-3077,,Software company,"San Francisco, California",,google_maps
mTraction Enterprise,https://www.mtractionenterprise.com/,,(628) 209-9317,,Software company,"San Francisco, California",,google_maps
StackAI,https://www.stack-ai.com/,,(857) 262-9097,,Software company,"San Francisco, California",,google_maps
Ai Agency San Antonio,https://aiagencysanantonio.com/,,(210) 761-5509,,Marketing agency,"San Antonio, Texas",,google_maps
Accurate Automation and Controls,https://www.aac-tx.com/,,(949) 864-9322,,Automation company,"San Antonio, Texas",,google_maps
"Automation Designs, Inc.",http://automationdesignsinc.com/,,(512) 396-1223,,Home automation company,"San Marcos, Texas",,google_maps
A.I. Automation Labs,https://aiautomationlabs.net/?utm_source=gbp,,(210) 953-6673,,Marketing agency,"San Antonio, Texas",,google_maps
Automation International,http://www.ail-us.com/,,(281) 879-9505,,Corporate office,"Stafford, Texas",,google_maps
Startup Leadership Program,http://www.startupleadership.com,,190 0736,,education management,"Boston, Massachusetts",http://www.linkedin.com/company/startupleadership,cheerio
eStaffing Inc.,http://www.estaffinginc.com,,+1 416 303 8798,,staffing & recruiting,"Allen, Texas",https://ca.linkedin.com/in/lida-mohammadi-10aab848,cheerio
Themesoft Inc.,http://www.themesoft.com,,+604800,,information technology & services,"Coppell, Texas",http://www.linkedin.com/company/themesoft-inc.,cheerio
Automation Agency,https://automationagency.com,,,Carl Taylor,AI Automation,Remote-first,,uforocks_blog
Applied AI Consulting (AAIC),https://appliedaiconsulting.com,,,Vijay Roy (CEO),AI Consulting,"McKinney, TX",,crunchbase
Thought AI,https://thought.ai,,,Andrew J Hacker (CEO),AI Consulting,"Harrisburg, PA",,crunchbase
Biz4Group,https://biz4group.com,,,Sanjeev Verma (CEO),Chatbot Development,USA,,websearch
OyeLabs,https://oyelabs.com,,,Anuraag (CEO),Chatbot Development,USA,,websearch
Sigmoid,https://sigmoid.com,,,Rahul Kumar Singh (CAO),AI Consulting,USA,,websearch
Superside,https://superside.com,,,Fredrik Thomassen (CEO),AI Consulting,USA,,websearch
Mobio Solutions,https://mobiosolutions.com,,,Hardik Shah (Co-founder),AI Consulting SMB,USA,,websearch
Aikiaa Automation Agency,https://clutch.co/profile/aikiaa-automation-agency,,,"Akhil Chandana (CEO), Rushabh Modi (CTO)",AI RevOps Automation,"Mumbai, India",,clutch+clutch
MQLFlow,https://mqlflow.com,,,Pete Hogg (Founder),AI Automation Agency,UK,,websearch
PrimeLoop,https://primeloop.co,,,,AI Automation,"San Francisco, CA",,uforocks_blog
DevsData LLC,https://devsdata.com,,,,AI Automation Agency,"Brooklyn, NY",,websearch
Sellozo,https://sellozo.com,,,,AI Automation,"Kansas City, MO",,latenode_blog
NoGood,https://nogood.io,,,,Growth Marketing AI,"New York, NY",,latenode_blog
Botsify,https://botsify.com,,,,Chatbot Development,USA,,latenode_blog
ProcessMaker,https://processmaker.com,,,,AI Workflow Automation,"Durham, NC",,latenode_blog
Voypost,https://voypost.com,,,,AI Automation,Europe,,latenode_blog
Automation House,https://automation.house,,,,NoCode Automation,Poland,,latenode_blog
Tribe AI,https://tribe.ai,,,,AI Consulting,USA,,websearch
Every Consulting,https://every.to/consulting,,,,AI Strategy,USA,,websearch
Cassidy AI,https://cassidyai.com,,,,AI Agents,USA,,websearch
RTS Labs,https://rtslabs.com,,,,AI Consulting SMB,USA,,websearch
Agentic AI Corporation,https://www.agentic.ai/,,,,AI Software,"San Francisco, CA 94105",,google_maps
Accelirate,https://accelirate.com,,,,RPA Services,USA,,websearch
